[{"author":"Jaskółki z Grabówka","ratio_to_prev_week":3,"title":"Hej! Od Krakowa jadę","votes":0,"weeks_on_list":31},{"author":"Pan Arkadiusz Białkowski","ratio_to_prev_week":0,"title":"Szła dzieweczka","votes":0,"weeks_on_list":0},{"author":"Ballada z Mścic","ratio_to_prev_week":4,"title":"Tam na stawi","votes":0,"weeks_on_list":22},{"author":"Słoneczko z Niemicy","ratio_to_prev_week":4,"title":"U nas na odpuście","votes":0,"weeks_on_list":2},{"author":"Zacisze z Koszalina","ratio_to_prev_week":0,"title":"To nasze miasto Koszalin","votes":0,"weeks_on_list":6},{"author":"Zacisze z Koszalina","ratio_to_prev_week":0,"title":"Cyganka","votes":0,"weeks_on_list":29},{"author":"Słoneczko z Niemicy","ratio_to_prev_week":2,"title":"W dolinie na łące","votes":0,"weeks_on_list":48},{"author":"Bursztyn z Mielna i 16-ty Południk z Chłopów","ratio_to_prev_week":2,"title":"Tańcz moja miła","votes":0,"weeks_on_list":31},{"author":"Jarzębina z Hanek","ratio_to_prev_week":-8,"title":"Jarzębina śpiewa","votes":0,"weeks_on_list":61},{"author":"Grupa śpiewacza Karpaty z Chałup","ratio_to_prev_week":-8,"title":"Marusia","votes":0,"weeks_on_list":30},{"date":"01-10-2017","day":"01","month":"10","notation":236,"year":"2017"}]