[{"author":"Pan Arkadiusz Białkowski","ratio_to_prev_week":1,"title":"Szła dzieweczka","votes":10,"weeks_on_list":1},{"author":"Zacisze z Koszalina","ratio_to_prev_week":4,"title":"Cyganka","votes":9,"weeks_on_list":30},{"author":"Zacisze z Koszalina","ratio_to_prev_week":2,"title":"To nasze miasto Koszalin","votes":8,"weeks_on_list":7},{"author":"Grupa śpiewacza Karpaty z Chałup","ratio_to_prev_week":6,"title":"Marusia","votes":7,"weeks_on_list":31},{"author":"Jarzębina z Hanek","ratio_to_prev_week":4,"title":"Jarzębina śpiewa","votes":6,"weeks_on_list":62},{"author":"Bursztyn z Mielna i 16-ty Południk z Chłopów","ratio_to_prev_week":2,"title":"Tańcz moja miła","votes":5,"weeks_on_list":32},{"author":"Ballada z Mścic","ratio_to_prev_week":-4,"title":"Tam na stawi","votes":4,"weeks_on_list":23},{"author":"Słoneczko z Niemicy","ratio_to_prev_week":-1,"title":"W dolinie na łące","votes":3,"weeks_on_list":49},{"author":"Jaskółki z Grabówka","ratio_to_prev_week":-8,"title":"Hej! Od Krakowa jadę","votes":2,"weeks_on_list":32},{"author":"Słoneczko z Niemicy","ratio_to_prev_week":-6,"title":"U nas na odpuście","votes":1,"weeks_on_list":3},{"date":"08-10-2017","day":"08","month":10,"notation":237,"year":2017}]