[{"author":"Pan Arkadiusz Białkowski","ratio_to_prev_week":1,"title":"Szła dzieweczka","votes":10,"weeks_on_list":2},{"author":"Zacisze z Koszalina","ratio_to_prev_week":4,"title":"Cyganka","votes":9,"weeks_on_list":31},{"author":"Zacisze z Koszalina","ratio_to_prev_week":2,"title":"To nasze miasto Koszalin","votes":8,"weeks_on_list":8},{"author":"Grupa śpiewacza Karpaty z Chałup","ratio_to_prev_week":6,"title":"Marusia","votes":7,"weeks_on_list":32},{"author":"Jarzębina z Hanek","ratio_to_prev_week":4,"title":"Jarzębina śpiewa","votes":6,"weeks_on_list":63},{"author":"Bursztyn z Mielna i 16-ty Południk z Chłopów","ratio_to_prev_week":2,"title":"Tańcz moja miła","votes":5,"weeks_on_list":33},{"author":"Ballada z Mścic","ratio_to_prev_week":-4,"title":"Tam na stawi","votes":4,"weeks_on_list":24},{"author":"Słoneczko z Niemicy","ratio_to_prev_week":-1,"title":"W dolinie na łące","votes":3,"weeks_on_list":50},{"author":"Jaskółki z Grabówka","ratio_to_prev_week":-8,"title":"Hej! Od Krakowa jadę","votes":2,"weeks_on_list":33},{"author":"Słoneczko z Niemicy","ratio_to_prev_week":-6,"title":"U nas na odpuście","votes":1,"weeks_on_list":4},{"date":"15-10-2017","day":15,"month":10,"notation":238,"year":2017,"weeks_on_list":null}]