[{"author":"U2","ratio_to_prev_week":0,"title":"You're The Best Thing About Me","votes":0,"weeks_on_list":4},{"author":"Maciej Maleńczuk","ratio_to_prev_week":1,"title":"Żniwna dziewczyna","votes":0,"weeks_on_list":7},{"author":"Ofenbach vs. Nick Waterhouse","ratio_to_prev_week":3,"title":"Katchi","votes":0,"weeks_on_list":3},{"author":"Daria Zawiałow","ratio_to_prev_week":0,"title":"Na skróty","votes":0,"weeks_on_list":4},{"author":"Imagine Dragons","ratio_to_prev_week":4,"title":"Thunder","votes":0,"weeks_on_list":6},{"author":"Luis Fonsi & Daddy Yankee feat. Justin Bieber","ratio_to_prev_week":2,"title":"Despacito","votes":0,"weeks_on_list":15},{"author":"Anita Lipnicka","ratio_to_prev_week":-2,"title":"Z miasta","votes":0,"weeks_on_list":9},{"author":"Andrzej Piaseczny","ratio_to_prev_week":2,"title":"Wszystko dobrze","votes":0,"weeks_on_list":2},{"author":"Coldplay","ratio_to_prev_week":-7,"title":"Miracles (Someone Special)","votes":0,"weeks_on_list":11},{"author":"Stereophonics","ratio_to_prev_week":1,"title":"All In One Night","votes":0,"weeks_on_list":4},{"author":"Natalia Szroeder","ratio_to_prev_week":13,"title":"Zaprowadź mnie","votes":0,"weeks_on_list":2},{"author":"Beata","ratio_to_prev_week":-5,"title":"Letni Wiatr","votes":0,"weeks_on_list":11},{"author":"George Michael feat. Nile Rodgers","ratio_to_prev_week":6,"title":"Fantasy","votes":0,"weeks_on_list":2},{"author":"Męskie Granie Orkiestra 2017","ratio_to_prev_week":-2,"title":"Nieboskłon","votes":0,"weeks_on_list":17},{"author":"The Cranberries","ratio_to_prev_week":2,"title":"Why","votes":0,"weeks_on_list":23},{"author":"Mike + The Mechanics","ratio_to_prev_week":-1,"title":"The Best Is Yet To Come","votes":0,"weeks_on_list":7},{"author":"Ania Wyszkoni","ratio_to_prev_week":8,"title":"Zanim to powiem","votes":0,"weeks_on_list":11},{"author":"Hey","ratio_to_prev_week":0,"title":"Gdzie jesteś? Gdzie jestem?","votes":0,"weeks_on_list":0},{"author":"Sam Smith","ratio_to_prev_week":0,"title":"Too Good At Goodbyes","votes":0,"weeks_on_list":0},{"author":"Organek & Podsiadło","ratio_to_prev_week":-2,"title":"Co mi Panie dasz","votes":0,"weeks_on_list":9},{"author":"Rod Stewart feat. DNCE","ratio_to_prev_week":1,"title":"Da Ya Think I'm Sexy","votes":0,"weeks_on_list":3},{"author":"Sunrise Avenue","ratio_to_prev_week":-6,"title":"I Help You Hate Me","votes":0,"weeks_on_list":5},{"author":"Michał Szpak","ratio_to_prev_week":0,"title":"Tic Tak Clock","votes":0,"weeks_on_list":36},{"author":"The Rasmus","ratio_to_prev_week":-10,"title":"Silver Night","votes":0,"weeks_on_list":6},{"author":"Maroon5 feat SZA","ratio_to_prev_week":5,"title":"What Lovers Do","votes":0,"weeks_on_list":3},{"author":"Queen & Michael Jackson","ratio_to_prev_week":1,"title":"There Must Be More Than Life That This","votes":0,"weeks_on_list":154},{"author":"Kayah feat. Idan Raichel","ratio_to_prev_week":-1,"title":"Po Co","votes":0,"weeks_on_list":20},{"author":"Glasspop","ratio_to_prev_week":0,"title":"I Need Somebody","votes":0,"weeks_on_list":0},{"author":"Kamil Bednarek","ratio_to_prev_week":-16,"title":"Poczuj luz","votes":0,"weeks_on_list":19},{"author":"Mrozu","ratio_to_prev_week":-10,"title":"Szerokie wody","votes":0,"weeks_on_list":10},{"date":"30-09-2017","day":"30","month":"09","notation":251,"year":"2017"}]