[{"author":"U2","ratio_to_prev_week":0,"title":"You're The Best Thing About Me","votes":30,"weeks_on_list":6},{"author":"Daria Zawiałow","ratio_to_prev_week":2,"title":"Na skróty","votes":29,"weeks_on_list":6},{"author":"Imagine Dragons","ratio_to_prev_week":2,"title":"Thunder","votes":28,"weeks_on_list":8},{"author":"Maciej Maleńczuk","ratio_to_prev_week":-2,"title":"Żniwna dziewczyna","votes":27,"weeks_on_list":9},{"author":"Andrzej Piaseczny","ratio_to_prev_week":3,"title":"Wszystko dobrze","votes":26,"weeks_on_list":4},{"author":"Ofenbach vs. Nick Waterhouse","ratio_to_prev_week":-3,"title":"Katchi","votes":25,"weeks_on_list":5},{"author":"Natalia Szroeder","ratio_to_prev_week":4,"title":"Zaprowadź mnie","votes":24,"weeks_on_list":4},{"author":"Luis Fonsi & Daddy Yankee feat. Justin Bieber","ratio_to_prev_week":-2,"title":"Despacito","votes":23,"weeks_on_list":17},{"author":"Hey","ratio_to_prev_week":9,"title":"Gdzie jesteś? Gdzie jestem?","votes":22,"weeks_on_list":2},{"author":"Anita Lipnicka","ratio_to_prev_week":-3,"title":"Z miasta","votes":21,"weeks_on_list":11},{"author":"George Michael feat. Nile Rodgers","ratio_to_prev_week":2,"title":"Fantasy","votes":20,"weeks_on_list":4},{"author":"Coldplay","ratio_to_prev_week":-3,"title":"Miracles (Someone Special)","votes":19,"weeks_on_list":13},{"author":"Stereophonics","ratio_to_prev_week":-3,"title":"All In One Night","votes":18,"weeks_on_list":6},{"author":"The Cranberries","ratio_to_prev_week":1,"title":"Why","votes":17,"weeks_on_list":25},{"author":"Beata","ratio_to_prev_week":-3,"title":"Letni Wiatr","votes":16,"weeks_on_list":13},{"author":"Sam Smith","ratio_to_prev_week":3,"title":"Too Good At Goodbyes","votes":15,"weeks_on_list":2},{"author":"Rod Stewart feat. DNCE","ratio_to_prev_week":4,"title":"Da Ya Think I'm Sexy","votes":14,"weeks_on_list":5},{"author":"Męskie Granie Orkiestra 2017","ratio_to_prev_week":-4,"title":"Nieboskłon","votes":13,"weeks_on_list":19},{"author":"Maroon5 feat SZA","ratio_to_prev_week":6,"title":"What Lovers Do","votes":12,"weeks_on_list":5},{"author":"Poparzeni Kawą Trzy","ratio_to_prev_week":0,"title":"Szukam Cię Wszędzie","votes":11,"weeks_on_list":1},{"author":"Organek & Podsiadło","ratio_to_prev_week":-1,"title":"Co mi Panie dasz","votes":10,"weeks_on_list":11},{"author":"Michał Szpak","ratio_to_prev_week":1,"title":"Tic Tak Clock","votes":9,"weeks_on_list":38},{"author":"Glasspop","ratio_to_prev_week":5,"title":"I Need Somebody","votes":8,"weeks_on_list":2},{"author":"The Rasmus","ratio_to_prev_week":0,"title":"Silver Night","votes":7,"weeks_on_list":8},{"author":"Queen & Michael Jackson","ratio_to_prev_week":1,"title":"There Must Be More Than Life That This","votes":6,"weeks_on_list":156},{"author":"FNS","ratio_to_prev_week":0,"title":"Poranki","votes":5,"weeks_on_list":1},{"author":"Ania Wyszkoni","ratio_to_prev_week":-10,"title":"Zanim to powiem","votes":4,"weeks_on_list":13},{"author":"Sunrise Avenue","ratio_to_prev_week":-6,"title":"I Help You Hate Me","votes":3,"weeks_on_list":7},{"author":"Mike + The Mechanics","ratio_to_prev_week":-13,"title":"The Best Is Yet To Come","votes":2,"weeks_on_list":9},{"author":"Kamil Bednarek","ratio_to_prev_week":-1,"title":"Poczuj luz","votes":1,"weeks_on_list":21},{"date":"14-10-2017","day":14,"month":10,"notation":253,"year":2017,"weeks_on_list":null}]