[{"author":"Czesław Niemen","ratio_to_prev_week":0,"title":"Wspomnienie","votes":0,"weeks_on_list":2},{"author":"Simon & Garfunkel","ratio_to_prev_week":1,"title":"El Condor Pasa","votes":0,"weeks_on_list":12},{"author":"Seweryn Krajewski","ratio_to_prev_week":8,"title":"Uciekaj moje serce","votes":0,"weeks_on_list":11},{"author":"The Shadows","ratio_to_prev_week":5,"title":"Riders In The Sky","votes":0,"weeks_on_list":3},{"author":"Tammy Waynette","ratio_to_prev_week":-3,"title":"Stand by Your Man","votes":0,"weeks_on_list":7},{"author":"Universe & Beata Kozidrak","ratio_to_prev_week":-2,"title":"Tyle chciałem Ci dać","votes":0,"weeks_on_list":7},{"author":"Sweet","ratio_to_prev_week":13,"title":"Fox On The Run","votes":0,"weeks_on_list":2},{"author":"Zbigniew Wodecki","ratio_to_prev_week":-2,"title":"Pszczółka Maja","votes":0,"weeks_on_list":6},{"author":"Modern Talking","ratio_to_prev_week":3,"title":"Cherry Cherry Lady","votes":0,"weeks_on_list":9},{"author":"Fiction Factory","ratio_to_prev_week":8,"title":"Feels Like Heaven","votes":0,"weeks_on_list":4},{"author":"Paula","ratio_to_prev_week":6,"title":"Od dziś","votes":0,"weeks_on_list":5},{"author":"Bob Marley","ratio_to_prev_week":2,"title":"No Woman No Cry","votes":0,"weeks_on_list":2},{"author":"Joy","ratio_to_prev_week":52,"title":"Touch By Touch","votes":0,"weeks_on_list":52},{"author":"Michael Bolton","ratio_to_prev_week":-7,"title":"When A Man Loves A Woman","votes":0,"weeks_on_list":4},{"author":"The Alan Parsons Project","ratio_to_prev_week":-5,"title":"Dont't Answer Me","votes":0,"weeks_on_list":3},{"author":"Michał Szpak","ratio_to_prev_week":-1,"title":"Tic Tac Clock","votes":0,"weeks_on_list":35},{"author":"Edyta Geppert","ratio_to_prev_week":-4,"title":"Kocham Cię życie","votes":0,"weeks_on_list":31},{"author":"O.N.A","ratio_to_prev_week":1,"title":"Kiedy powiem sobie dość","votes":0,"weeks_on_list":3},{"author":"Amanda Lear","ratio_to_prev_week":0,"title":"Enigma","votes":0,"weeks_on_list":0},{"author":"Patty Pravo","ratio_to_prev_week":0,"title":"La Bombola","votes":0,"weeks_on_list":0},{"date":"01-10-2017","day":"01","month":"10","notation":712,"year":"2017"}]