[{"author":"Czesław Niemen","ratio_to_prev_week":0,"title":"Wspomnienie","votes":20,"weeks_on_list":3},{"author":"The Shadows","ratio_to_prev_week":2,"title":"Riders In The Sky","votes":19,"weeks_on_list":4},{"author":"Simon & Garfunkel","ratio_to_prev_week":-1,"title":"El Condor Pasa","votes":18,"weeks_on_list":13},{"author":"Seweryn Krajewski","ratio_to_prev_week":-1,"title":"Uciekaj moje serce","votes":17,"weeks_on_list":12},{"author":"Sweet","ratio_to_prev_week":2,"title":"Fox On The Run","votes":16,"weeks_on_list":3},{"author":"Fiction Factory","ratio_to_prev_week":4,"title":"Feels Like Heaven","votes":15,"weeks_on_list":5},{"author":"Tammy Waynette","ratio_to_prev_week":-2,"title":"Stand by Your Man","votes":14,"weeks_on_list":8},{"author":"Modern Talking","ratio_to_prev_week":1,"title":"Cherry Cherry Lady","votes":13,"weeks_on_list":10},{"author":"Universe & Beata Kozidrak","ratio_to_prev_week":-3,"title":"Tyle chciałem Ci dać","votes":12,"weeks_on_list":8},{"author":"Zbigniew Wodecki","ratio_to_prev_week":-2,"title":"Pszczółka Maja","votes":11,"weeks_on_list":7},{"author":"Joy","ratio_to_prev_week":2,"title":"Touch By Touch","votes":10,"weeks_on_list":53},{"author":"Paula","ratio_to_prev_week":-1,"title":"Od dziś","votes":9,"weeks_on_list":6},{"author":"Queen","ratio_to_prev_week":0,"title":"Who Wants To Live Forever","votes":8,"weeks_on_list":0},{"author":"Amanda Lear","ratio_to_prev_week":5,"title":"Enigma","votes":7,"weeks_on_list":1},{"author":"The Alan Parsons Project","ratio_to_prev_week":0,"title":"Dont't Answer Me","votes":6,"weeks_on_list":4},{"author":"Edyta Geppert","ratio_to_prev_week":1,"title":"Kocham Cię życie","votes":5,"weeks_on_list":32},{"author":"Toto","ratio_to_prev_week":0,"title":"Africa","votes":4,"weeks_on_list":0},{"author":"Bob Marley","ratio_to_prev_week":-6,"title":"No Woman No Cry","votes":3,"weeks_on_list":3},{"author":"Michał Szpak","ratio_to_prev_week":-3,"title":"Tic Tac Clock","votes":2,"weeks_on_list":36},{"author":"Michael Bolton","ratio_to_prev_week":-6,"title":"When A Man Loves A Woman","votes":1,"weeks_on_list":5},{"date":"08-10-2017","day":"08","month":10,"notation":713,"year":2017}]